,alpha,gamma,kappa,lscore,rscore
0,2.5,2.5,7,0.148277338433,0.107898224347
1,2.5,4.5,7,0.364503386949,0.251692107331
2,4.5,2.5,7,0.334737476278,0.228864765121
3,4.5,4.5,7,0.369886543323,0.290842941279
4,2.5,2.5,8,0.301056188126,0.247067337639
5,2.5,4.5,8,0.371552630339,0.281305370623
6,4.5,2.5,8,0.280456923163,0.172068647259
7,4.5,4.5,8,0.344087337481,0.305852714783
